exit_equity_eur,retention,years,discount_rate,required_probability_50,required_probability_100
3000000000.0,0.1,10,0.15,0.6742596226179844,1.3485192452359689
3000000000.0,0.3,10,0.15,0.22475320753932815,0.4495064150786563
3000000000.0,0.5,10,0.15,0.1348519245235969,0.2697038490471938
10000000000.0,0.1,10,0.15,0.20227788678539532,0.40455577357079064
10000000000.0,0.3,10,0.15,0.06742596226179845,0.1348519245235969
10000000000.0,0.5,10,0.15,0.04045557735707907,0.08091115471415813
30000000000.0,0.1,10,0.15,0.06742596226179845,0.1348519245235969
30000000000.0,0.3,10,0.15,0.022475320753932816,0.04495064150786563
30000000000.0,0.5,10,0.15,0.013485192452359688,0.026970384904719376
