model,parameters,test_bpc_T256,whole_fit_TFLOPs_est,fitting_MFLOPs_per_training_position_est,inference_emulator_MFLOPs_per_evaluated_position_est,inference_winner_MFLOPs_per_evaluated_position_est,backend_scope,available_slots,selected_writes,scored_keys
"p16/d8, v1 (610 updates)",54907,,4.04282166744,0.40451516748046873,0.13145369380040323,0.08767181361607143,trained sparse parity/rescore pending,32,16,32
"p16/d8, skip2",54907,2.7194134736411106,4.047897292,0.4050230224609375,0.13145369380040323,0.08767181361607143,trained sparse parity/rescore pending,32,16,32
p32/d4,108875,2.506385807790338,7.22075366856,0.7224915219726562,0.2396400163810484,0.1632272421875,trained sparse parity/rescore pending,16,8,16
"p32/d8, skip2",210043,2.456482692203615,14.107373132,1.4115503662109374,0.4626998873487903,0.30987209933035714,trained sparse parity/rescore pending,32,16,32
"p32/d8/pool4, skip2",346331,2.498065790392268,23.60362443568,2.3617227958984377,0.7705424679939517,0.31201895647321426,trained sparse parity/rescore pending,64,16,64
p32/d4/pool1 (control: no selection),74803,2.438881334996998,4.87822345064,0.48810349267578124,0.1626905279017857,0.1626905279017857,trained sparse parity/rescore pending,8,8,8
p32/d4 + route credit,108875,2.371490662751688,7.24266104264,0.7246835219726563,0.2396400163810484,0.1632272421875,trained sparse parity/rescore pending,16,8,16
p32/d4/pool4 + route credit,177019,2.345157092663773,11.9497887604,1.1956675805664063,0.3935726707589286,0.16430067075892857,trained sparse parity/rescore pending,32,8,32
p32/d4 + read and write credit,108875,2.384040325005502,7.2798881812,0.7284083813476563,0.2396400163810484,0.1632272421875,trained sparse parity/rescore pending,16,8,16
p64/d4 + route credit,422475,2.183314996745724,26.7874617492,2.6802900219726564,0.8883749564732143,0.6045909564732144,trained sparse parity/rescore pending,16,8,16
"p32/d8, skip2 + route credit",210043,2.326116014920207,14.15118788016,1.4159343662109376,0.4626998873487903,0.30987209933035714,trained sparse parity/rescore pending,32,16,32
p64/d4/pool4 + route credit,689787,2.179497312008814,44.0738293364,4.409923049316406,1.4580418136160713,0.6066898136160714,trained sparse parity/rescore pending,32,8,32
p96/d4 + route credit,940875,2.162463485986562,58.64763471304,5.868143521972656,1.9466986707589287,1.3244826707589286,trained sparse parity/rescore pending,16,8,16
LSTM-256,338395,2.1705974351075197,20.30611545338,2.0317818516845705,0.676999,0.676999,saved shape estimate,,,
Transformer-256x2,1658907,2.426908791525532,111.26160200826,11.13257256262207,3.709575,3.709575,saved shape estimate,,,
